% Cloudiness,Latitude,Longitude,Date (Polished),Date (Raw),% Humidity,Max. Temp. (K),City,Country,Wind Speed (M/s)
75.0,24.34,124.16,2019-03-29 22:00:00,1553896800.0,78.0,296.15,Ishigaki,JP,5.1
44.0,-6.22,155.63,2019-03-29 22:35:13,1553898913.0,98.0,301.412,Kieta,PG,1.37
0.0,-38.31,-60.23,2019-03-29 22:35:17,1553898917.0,65.0,294.962,Barrow,AR,5.87
1.0,60.79,-161.76,2019-03-29 21:56:00,1553896560.0,60.0,279.15,Bethel,US,4.6
8.0,22.93,57.53,2019-03-29 22:33:59,1553898839.0,82.0,288.862,Nizwa,OM,1.27
20.0,-33.93,18.42,2019-03-29 22:31:07,1553898667.0,88.0,292.04,Cape Town,ZA,2.1
0.0,-33.64,115.35,2019-03-29 22:28:47,1553898527.0,49.0,284.82,Busselton,AU,7.81
8.0,64.57,143.24,2019-03-29 22:35:25,1553898925.0,76.0,258.012,Ust-Nera,RU,1.07
20.0,-0.74,-90.35,2019-03-29 22:15:49,1553897749.0,70.0,302.15,Puerto Ayora,EC,4.1
0.0,-17.73,-39.27,2019-03-29 22:30:54,1553898654.0,100.0,300.612,Caravelas,BR,8.42
75.0,21.39,-158.15,2019-03-29 22:34:41,1553898881.0,69.0,300.15,Nanakuli,US,5.1
80.0,-23.58,149.07,2019-03-29 22:35:32,1553898932.0,100.0,298.362,Bluff,AU,3.32
92.0,-15.27,-72.34,2019-03-29 22:35:33,1553898933.0,99.0,275.612,Orcopampa,PE,0.42
40.0,-22.97,-42.02,2019-03-29 22:00:00,1553896800.0,88.0,298.15,Arraial do Cabo,BR,0.5
88.0,-23.12,-134.97,2019-03-29 22:35:36,1553898936.0,95.0,300.062,Rikitea,PF,11.02
75.0,22.08,-159.32,2019-03-29 22:33:19,1553898799.0,60.0,297.15,Kapaa,US,6.2
24.0,77.48,-69.36,2019-03-29 22:35:39,1553898939.0,78.0,250.562,Qaanaaq,GL,3.92
32.0,-0.6,73.08,2019-03-29 22:35:41,1553898941.0,100.0,301.462,Hithadhoo,MV,1.92
20.0,18.42,-64.62,2019-03-29 22:33:28,1553898808.0,74.0,300.15,Road Town,VG,2.57
90.0,62.45,-114.38,2019-03-29 22:32:50,1553898770.0,73.0,270.37,Yellowknife,CA,4.1
0.0,-20.22,-70.14,2019-03-29 22:00:00,1553896800.0,60.0,295.15,Iquique,CL,9.8
20.0,-6.21,149.55,2019-03-29 22:35:48,1553898948.0,87.0,301.462,Kandrian,PG,1.32
40.0,6.8,-58.16,2019-03-29 22:00:00,1553896800.0,88.0,300.15,Georgetown,GY,5.1
20.0,69.7,170.27,2019-03-29 22:35:52,1553898952.0,87.0,257.862,Pevek,RU,0.42
0.0,67.46,153.71,2019-03-29 22:35:53,1553898953.0,63.0,262.912,Srednekolymsk,RU,1.42
80.0,-20.63,-46.0,2019-03-29 22:35:55,1553898955.0,55.0,297.162,Ponta do Sol,BR,4.17
64.0,3.07,172.79,2019-03-29 22:35:56,1553898956.0,100.0,301.712,Butaritari,KI,10.17
44.0,-2.02,147.27,2019-03-29 22:35:59,1553898959.0,98.0,301.462,Lorengau,PG,3.22
92.0,-34.53,20.04,2019-03-29 22:30:31,1553898631.0,82.0,290.15,Bredasdorp,ZA,2.6
0.0,59.7,150.17,2019-03-29 22:36:02,1553898962.0,64.0,266.212,Arman,RU,4.72
0.0,71.97,114.09,2019-03-29 22:36:04,1553898964.0,78.0,263.312,Saskylakh,RU,4.47
0.0,-46.19,168.86,2019-03-29 22:30:08,1553898608.0,98.0,285.37,Mataura,NZ,2.07
0.0,11.28,-15.83,2019-03-29 22:36:07,1553898967.0,90.0,300.812,Bubaque,GW,6.37
75.0,-54.81,-68.31,2019-03-29 22:00:00,1553896800.0,81.0,281.15,Ushuaia,AR,7.7
20.0,20.26,85.84,2019-03-29 22:00:00,1553896800.0,100.0,299.15,Bhubaneswar,IN,1.5
0.0,4.87,-2.24,2019-03-29 22:36:12,1553898972.0,95.0,302.062,Axim,GH,4.82
0.0,38.18,-1.13,2019-03-29 22:35:45,1553898945.0,62.0,287.15,Fortuna,ES,2.1
48.0,7.99,-10.85,2019-03-29 22:36:15,1553898975.0,80.0,298.162,Daru,SL,3.02
0.0,56.57,36.46,2019-03-29 22:36:16,1553898976.0,88.0,274.962,Mirnyy,RU,5.37
24.0,39.77,98.29,2019-03-29 22:36:18,1553898978.0,56.0,264.212,Jiayuguan,CN,1.57
40.0,6.12,81.12,2019-03-29 21:10:00,1553893800.0,94.0,298.15,Hambantota,LK,1.0
92.0,62.16,-7.17,2019-03-29 21:50:00,1553896200.0,100.0,277.15,Vestmanna,FO,7.7
20.0,63.05,179.32,2019-03-29 22:36:22,1553898982.0,89.0,274.762,Beringovskiy,RU,9.27
5.0,54.78,-127.17,2019-03-29 22:00:00,1553896800.0,32.0,285.15,Smithers,CA,2.1
0.0,-13.71,-76.2,2019-03-29 22:00:00,1553896800.0,30.0,295.15,Pisco,PE,10.8
0.0,15.34,74.49,2019-03-29 22:36:26,1553898986.0,92.0,292.562,Vaini,IN,0.77
90.0,39.95,-94.76,2019-03-29 22:33:27,1553898807.0,93.0,280.37,Kodiak,US,7.2
20.0,16.99,-99.26,2019-03-29 21:49:00,1553896140.0,70.0,303.15,Tecoanapa,MX,3.1
40.0,13.22,-59.52,2019-03-29 22:00:00,1553896800.0,74.0,300.15,Bathsheba,BB,7.2
90.0,47.3,-96.52,2019-03-29 22:35:40,1553898940.0,92.0,279.82,Ada,US,7.2
90.0,42.65,-73.75,2019-03-29 22:35:58,1553898958.0,71.0,283.15,Albany,US,2.6
0.0,-46.28,169.85,2019-03-29 22:35:07,1553898907.0,88.0,286.48,Kaitangata,NZ,1.79
68.0,-34.42,19.24,2019-03-29 22:31:57,1553898717.0,96.0,290.93,Hermanus,ZA,1.17
75.0,35.73,140.83,2019-03-29 22:24:37,1553898277.0,87.0,281.15,Hasaki,JP,4.6
90.0,70.66,23.68,2019-03-29 21:50:00,1553896200.0,100.0,272.15,Hammerfest,NO,19.5
1.0,19.71,-155.08,2019-03-29 22:36:29,1553898989.0,61.0,299.26,Hilo,US,4.6
75.0,-53.16,-70.91,2019-03-29 22:32:27,1553898747.0,71.0,283.15,Punta Arenas,CL,8.2
0.0,-33.21,138.6,2019-03-29 22:29:22,1553898562.0,75.0,279.808,Jamestown,AU,4.71
36.0,-6.5,108.06,2019-03-29 22:36:47,1553899007.0,92.0,297.162,Kroya,ID,1.47
75.0,54.77,-101.88,2019-03-29 22:00:00,1553896800.0,46.0,271.15,Flin Flon,CA,8.7
90.0,38.78,68.82,2019-03-29 22:00:00,1553896800.0,93.0,282.15,Varzob,TJ,3.0
90.0,18.09,-67.15,2019-03-29 22:33:22,1553898802.0,83.0,299.82,Cabo Rojo,PR,1.77
44.0,65.61,-37.64,2019-03-29 21:50:00,1553896200.0,61.0,265.15,Tasiilaq,GL,3.6
0.0,8.92,17.55,2019-03-29 22:36:57,1553899017.0,31.0,298.312,Koumra,TD,2.37
88.0,-21.21,-159.78,2019-03-29 22:00:00,1553896800.0,78.0,299.15,Avarua,CK,3.1
0.0,59.7,30.79,2019-03-29 22:35:35,1553898935.0,86.0,277.59,Nikolskoye,RU,4.0
88.0,70.62,147.9,2019-03-29 22:37:01,1553899021.0,91.0,265.312,Chokurdakh,RU,5.27
44.0,30.69,78.49,2019-03-29 22:37:03,1553899023.0,77.0,281.662,Ginda,IN,1.17
100.0,22.68,-3.98,2019-03-29 22:37:04,1553899024.0,37.0,299.462,Taoudenni,ML,0.52
24.0,55.94,46.2,2019-03-29 22:37:06,1553899026.0,73.0,266.462,Yadrin,RU,4.32
0.0,-36.62,-64.29,2019-03-29 22:37:08,1553899028.0,54.0,296.162,Santa Rosa,AR,4.92
75.0,65.28,-126.83,2019-03-29 22:00:00,1553896800.0,60.0,278.15,Norman Wells,CA,6.2
8.0,28.17,94.8,2019-03-29 22:37:11,1553899031.0,73.0,286.012,Along,IN,0.82
8.0,-18.9,-66.78,2019-03-29 22:37:13,1553899033.0,61.0,279.812,Challapata,BO,2.07
56.0,-35.17,173.16,2019-03-29 22:37:14,1553899034.0,90.0,294.162,Ahipara,NZ,6.62
0.0,-33.02,27.91,2019-03-29 22:37:16,1553899036.0,100.0,295.712,East London,ZA,8.72
75.0,-42.78,147.06,2019-03-29 22:37:14,1553899034.0,71.0,285.93,New Norfolk,AU,2.6
68.0,4.04,9.71,2019-03-29 22:37:19,1553899039.0,81.0,299.012,Douala,CM,2.27
0.0,-34.0,24.73,2019-03-29 22:37:20,1553899040.0,85.0,289.112,Kruisfontein,ZA,1.32
80.0,59.44,112.57,2019-03-29 22:37:22,1553899042.0,87.0,267.862,Vitim,RU,1.72
44.0,-9.8,-139.03,2019-03-29 22:37:23,1553899043.0,100.0,301.212,Atuona,PF,5.47
92.0,-16.44,-39.06,2019-03-29 22:37:25,1553899045.0,100.0,298.512,Porto Seguro,BR,4.32
12.0,-2.67,141.3,2019-03-29 22:37:26,1553899046.0,97.0,301.962,Vanimo,PG,4.42
90.0,45.36,-73.48,2019-03-29 22:36:42,1553899002.0,70.0,279.26,Saint-Philippe,CA,3.1
64.0,27.97,-114.04,2019-03-29 22:37:29,1553899049.0,48.0,295.562,Guerrero Negro,MX,7.27
32.0,-10.46,161.92,2019-03-29 22:37:31,1553899051.0,100.0,301.862,Kirakira,SB,5.37
90.0,-0.39,-78.55,2019-03-29 22:30:05,1553898605.0,87.0,289.15,San Cristobal,EC,2.1
20.0,-9.47,147.16,2019-03-29 22:00:00,1553896800.0,94.0,298.15,Port Moresby,PG,5.1
92.0,61.99,-49.67,2019-03-29 22:37:35,1553899055.0,93.0,273.762,Paamiut,GL,12.47
5.0,28.39,-105.62,2019-03-29 22:35:20,1553898920.0,12.0,303.15,Lazaro Cardenas,MX,2.6
20.0,55.74,-97.86,2019-03-29 22:00:00,1553896800.0,41.0,268.15,Thompson,CA,6.7
8.0,0.53,72.93,2019-03-29 22:37:40,1553899060.0,100.0,301.562,Thinadhoo,MV,1.62
0.0,-28.15,-54.74,2019-03-29 22:37:13,1553899033.0,72.0,296.662,Cerro Largo,BR,2.72
90.0,-7.84,-79.15,2019-03-29 22:00:00,1553896800.0,88.0,295.15,Chicama,PE,4.6
20.0,18.08,-15.98,2019-03-29 22:00:00,1553896800.0,82.0,293.15,Nouakchott,MR,7.7
40.0,-23.68,-45.44,2019-03-29 22:00:00,1553896800.0,77.0,294.15,Porto Novo,BR,3.1
48.0,-27.82,-50.33,2019-03-29 22:36:45,1553899005.0,99.0,291.48,Lages,BR,4.22
90.0,-41.87,-73.83,2019-03-29 22:00:00,1553896800.0,93.0,284.15,Ancud,CL,6.2
44.0,-9.11,124.89,2019-03-29 22:37:52,1553899072.0,100.0,299.562,Atambua,ID,1.17
75.0,63.84,-22.43,2019-03-29 22:29:43,1553898583.0,80.0,272.15,Grindavik,IS,4.6
56.0,-3.55,143.63,2019-03-29 22:37:55,1553899075.0,87.0,300.262,Wewak,PG,1.32
0.0,-16.48,-151.75,2019-03-29 22:37:56,1553899076.0,100.0,302.262,Faanui,PF,3.57
48.0,-3.31,129.0,2019-03-29 22:37:58,1553899078.0,100.0,300.062,Amahai,ID,6.72
92.0,61.6,5.03,2019-03-29 22:30:07,1553898607.0,81.0,279.15,Floro,NO,6.7
88.0,37.17,-99.65,2019-03-29 22:32:44,1553898764.0,98.0,278.71,Sitka,US,3.58
75.0,70.98,25.97,2019-03-29 21:50:00,1553896200.0,86.0,274.15,Honningsvag,NO,17.0
75.0,-42.88,147.33,2019-03-29 22:33:15,1553898795.0,71.0,285.93,Hobart,AU,3.1
20.0,10.24,-61.45,2019-03-29 22:35:07,1553898907.0,74.0,301.48,Esperance,TT,5.1
0.0,14.74,-6.12,2019-03-29 22:38:08,1553899088.0,47.0,299.412,Sokolo,ML,1.67
92.0,60.75,-137.51,2019-03-29 22:38:09,1553899089.0,75.0,276.362,Haines Junction,CA,1.12
1.0,37.46,-122.43,2019-03-29 22:35:07,1553898907.0,71.0,291.48,Half Moon Bay,US,5.7
20.0,14.29,120.72,2019-03-29 22:38:03,1553899083.0,78.0,302.59,Ternate,PH,2.1
40.0,-7.75,-34.83,2019-03-29 22:00:00,1553896800.0,83.0,301.15,Itamaraca,BR,6.2
12.0,11.0,122.67,2019-03-29 22:38:17,1553899097.0,75.0,298.862,Dingle,PH,3.82
20.0,-0.02,109.34,2019-03-29 22:00:00,1553896800.0,94.0,298.15,Pontianak,ID,0.92
20.0,-20.34,57.76,2019-03-29 22:34:04,1553898844.0,83.0,298.15,Bambous Virieux,MU,1.5
0.0,-33.3,23.49,2019-03-29 22:38:21,1553899101.0,77.0,282.562,Willowmore,ZA,0.97
80.0,62.23,-6.59,2019-03-29 21:50:00,1553896200.0,91.0,277.15,Klaksvik,FO,7.7
0.0,-19.77,-43.85,2019-03-29 22:00:00,1553896800.0,60.0,298.15,Santa Luzia,BR,4.1
75.0,63.2,10.3,2019-03-29 22:35:17,1553898917.0,81.0,277.15,Ler,NO,7.7
75.0,5.33,116.16,2019-03-29 22:00:00,1553896800.0,88.0,298.15,Keningau,MY,2.1
75.0,4.62,101.14,2019-03-29 22:00:00,1553896800.0,94.0,298.15,Tambun,MY,1.0
56.0,29.28,82.18,2019-03-29 22:38:33,1553899113.0,92.0,271.362,Jumla,NP,1.02
36.0,-3.38,-68.87,2019-03-29 22:38:35,1553899115.0,86.0,299.812,Sao Paulo de Olivenca,BR,1.02
1.0,49.78,-74.86,2019-03-29 22:00:00,1553896800.0,35.0,268.15,Chapais,CA,4.1
40.0,51.55,-9.27,2019-03-29 22:00:00,1553896800.0,86.0,278.15,Skibbereen,IE,2.1
20.0,-20.74,116.85,2019-03-29 22:38:39,1553899119.0,65.0,299.962,Karratha,AU,5.37
5.0,22.89,-109.91,2019-03-29 22:35:09,1553898909.0,27.0,304.26,Cabo San Lucas,MX,3.1
76.0,-26.65,15.16,2019-03-29 22:38:42,1553899122.0,89.0,289.912,Luderitz,NA,5.57
0.0,24.67,81.88,2019-03-29 22:38:43,1553899123.0,62.0,293.862,Mauganj,IN,1.22
75.0,49.72,-86.95,2019-03-29 22:00:00,1553896800.0,29.0,275.15,Geraldton,CA,6.2
36.0,18.9,-3.53,2019-03-29 22:38:46,1553899126.0,27.0,299.462,Araouane,ML,2.07
8.0,71.64,128.87,2019-03-29 22:38:48,1553899128.0,76.0,265.962,Tiksi,RU,6.77
1.0,33.19,-82.53,2019-03-29 22:37:04,1553899024.0,33.0,297.15,Avera,US,2.42
75.0,53.14,59.15,2019-03-29 22:00:00,1553896800.0,68.0,272.15,Svetlogorsk,RU,5.0
1.0,34.64,-120.46,2019-03-29 22:38:15,1553899095.0,48.0,296.15,Lompoc,US,7.2
0.0,17.54,120.52,2019-03-29 22:38:54,1553899134.0,52.0,300.262,San Quintin,PH,1.52
90.0,69.65,18.96,2019-03-29 22:33:32,1553898812.0,92.0,272.15,Tromso,NO,8.2
36.0,-22.12,14.28,2019-03-29 22:02:12,1553896932.0,91.0,291.48,Henties Bay,NA,3.13
0.0,-26.98,-56.83,2019-03-29 22:39:00,1553899140.0,79.0,297.962,San Patricio,PY,1.42
0.0,49.65,0.71,2019-03-29 22:38:58,1553899138.0,76.0,283.15,Veraval,FR,1.5
20.0,39.45,22.34,2019-03-29 21:50:00,1553896200.0,57.0,281.15,Saint George,GR,2.62
75.0,-29.95,-71.34,2019-03-29 22:00:00,1553896800.0,82.0,288.15,Coquimbo,CL,4.1
76.0,13.79,-15.05,2019-03-29 22:39:06,1553899146.0,36.0,301.962,Nioro,GM,6.47
0.0,48.03,40.04,2019-03-29 22:00:00,1553896800.0,56.0,278.15,Almaznyy,RU,4.0
44.0,40.29,97.04,2019-03-29 22:39:09,1553899149.0,52.0,270.112,Yumen,CN,3.77
20.0,50.68,156.12,2019-03-29 22:39:12,1553899152.0,97.0,272.412,Severo-Kurilsk,RU,7.07
0.0,-46.43,-67.52,2019-03-29 22:34:22,1553898862.0,53.0,291.112,Mar del Plata,AR,10.22
75.0,3.17,113.03,2019-03-29 22:00:00,1553896800.0,100.0,296.15,Bintulu,MY,1.37
0.0,-25.24,130.99,2019-03-29 22:00:00,1553896800.0,54.0,288.15,Yulara,AU,3.6
90.0,-15.46,-55.75,2019-03-29 22:00:00,1553896800.0,88.0,301.15,Chapada dos Guimaraes,BR,1.0
68.0,6.3,-70.2,2019-03-29 22:35:30,1553898930.0,70.0,300.762,Cravo Norte,CO,3.32
44.0,53.6,91.39,2019-03-29 22:00:00,1553896800.0,85.0,268.15,Belyy Yar,RU,2.0
40.0,-19.06,-169.92,2019-03-29 22:00:00,1553896800.0,74.0,302.15,Alofi,NU,4.6
68.0,-8.49,140.4,2019-03-29 22:39:23,1553899163.0,89.0,301.812,Merauke,ID,5.37
68.0,69.38,178.42,2019-03-29 22:39:25,1553899165.0,100.0,260.662,Leningradskiy,RU,5.62
20.0,33.08,-16.33,2019-03-29 22:30:00,1553898600.0,87.0,288.15,Camacha,PT,0.5
8.0,16.27,74.48,2019-03-29 22:39:28,1553899168.0,95.0,291.712,Sankeshwar,IN,1.67
0.0,46.45,135.83,2019-03-29 22:39:29,1553899169.0,46.0,271.212,Vostok,RU,1.27
90.0,-42.48,-73.76,2019-03-29 22:00:00,1553896800.0,93.0,284.15,Castro,CL,6.2
1.0,36.35,-79.66,2019-03-29 22:33:59,1553898839.0,20.0,296.15,Reidsville,US,2.67
0.0,59.36,143.24,2019-03-29 22:39:34,1553899174.0,74.0,268.562,Okhotsk,RU,2.72
0.0,51.45,-2.59,2019-03-29 22:37:09,1553899029.0,93.0,280.93,Redcliffe,GB,1.0
90.0,35.74,139.53,2019-03-29 22:38:40,1553899120.0,84.0,282.59,Nishihara,JP,2.1
88.0,35.01,37.05,2019-03-29 22:39:38,1553899178.0,76.0,279.062,Salamiyah,SY,2.07
1.0,29.29,-81.06,2019-03-29 22:39:36,1553899176.0,82.0,296.48,Ormond Beach,US,4.6
0.0,45.93,133.72,2019-03-29 22:39:41,1553899181.0,54.0,272.812,Dalnerechensk,RU,1.62
75.0,5.28,115.24,2019-03-29 22:00:00,1553896800.0,94.0,299.15,Victoria,BN,3.42
56.0,73.51,80.55,2019-03-29 22:39:46,1553899186.0,96.0,269.062,Dikson,RU,9.97
76.0,-0.19,-74.78,2019-03-29 22:39:47,1553899187.0,91.0,298.412,Puerto Leguizamo,CO,0.97
0.0,-27.49,-55.12,2019-03-29 22:39:49,1553899189.0,86.0,296.362,Obera,AR,0.97
40.0,-5.2,-35.46,2019-03-29 22:00:00,1553896800.0,88.0,300.15,Touros,BR,1.5
68.0,-21.7,21.65,2019-03-29 22:39:52,1553899192.0,81.0,292.312,Ghanzi,BW,4.82
48.0,15.79,120.99,2019-03-29 22:39:24,1553899164.0,84.0,297.512,San Jose,PH,1.32
32.0,1.96,-72.65,2019-03-29 22:39:54,1553899194.0,80.0,298.662,Calamar,CO,1.07
92.0,43.97,-111.68,2019-03-29 22:39:21,1553899161.0,34.0,282.15,Saint Anthony,US,6.2
5.0,54.52,-128.61,2019-03-29 22:00:00,1553896800.0,33.0,287.15,Terrace,CA,4.1
20.0,20.89,-156.47,2019-03-29 22:34:31,1553898871.0,65.0,299.15,Kahului,US,3.1
90.0,40.33,-91.2,2019-03-29 22:38:10,1553899090.0,87.0,284.82,Basco,US,3.1
68.0,-8.63,122.22,2019-03-29 22:40:02,1553899202.0,100.0,300.712,Maumere,ID,0.62
92.0,62.91,6.91,2019-03-29 22:30:55,1553898655.0,100.0,279.26,Bud,NO,14.9
40.0,37.72,-25.43,2019-03-29 22:39:11,1553899151.0,76.0,285.93,Vila Franca do Campo,PT,2.6
0.0,-46.13,167.69,2019-03-29 22:40:06,1553899206.0,98.0,285.93,Tuatapere,NZ,1.62
1.0,31.42,-103.49,2019-03-29 22:32:21,1553898741.0,6.0,305.37,Pecos,US,9.8
92.0,51.72,75.32,2019-03-29 22:40:11,1553899211.0,95.0,275.062,Ekibastuz,KZ,5.62
92.0,40.62,120.71,2019-03-29 22:40:12,1553899212.0,89.0,274.912,Xingcheng,CN,7.17
5.0,23.99,-104.67,2019-03-29 22:30:15,1553898615.0,7.0,301.15,Constitucion,MX,3.1
75.0,40.04,-111.73,2019-03-29 22:39:04,1553899144.0,61.0,281.15,Payson,US,4.6
75.0,78.22,15.63,2019-03-29 21:50:00,1553896200.0,73.0,269.15,Longyearbyen,NO,7.2
0.0,-33.59,26.89,2019-03-29 22:39:45,1553899185.0,92.0,293.812,Port Alfred,ZA,5.77
20.0,54.39,35.75,2019-03-29 22:00:00,1553896800.0,100.0,274.15,Babynino,RU,3.0
76.0,-30.17,-50.22,2019-03-29 22:40:23,1553899223.0,78.0,295.262,Cidreira,BR,7.87
40.0,57.89,55.94,2019-03-29 22:00:00,1553896800.0,86.0,274.15,Kultayevo,RU,6.0
0.0,41.42,-6.55,2019-03-29 22:39:39,1553899179.0,68.0,277.412,Saldanha,PT,0.97
0.0,13.63,-86.48,2019-03-29 22:37:20,1553899040.0,45.0,299.26,Ocotal,NI,1.34
8.0,8.96,38.73,2019-03-29 22:40:30,1553899230.0,83.0,282.362,Lebu,ET,1.77
75.0,33.93,134.5,2019-03-29 22:34:26,1553898866.0,81.0,286.48,Katsuura,JP,1.5
88.0,69.49,88.39,2019-03-29 22:40:33,1553899233.0,93.0,270.762,Talnakh,RU,4.12
0.0,14.35,3.32,2019-03-29 22:40:36,1553899236.0,52.0,297.462,Filingue,NE,1.62
0.0,42.77,-9.06,2019-03-29 22:40:04,1553899204.0,40.0,287.04,Muros,ES,0.5
0.0,26.88,-111.98,2019-03-29 22:40:40,1553899240.0,23.0,300.412,Mulege,MX,3.92
44.0,68.82,-51.19,2019-03-29 21:50:00,1553896200.0,53.0,267.15,Qasigiannguit,GL,9.3
75.0,33.6,-99.18,2019-03-29 22:30:50,1553898650.0,60.0,298.71,Lively,US,7.7
20.0,-20.41,57.7,2019-03-29 22:39:04,1553899144.0,83.0,298.15,Mahebourg,MU,1.5
40.0,-28.95,153.24,2019-03-29 22:38:48,1553899128.0,78.0,299.26,Codrington,AU,4.6
0.0,6.62,73.07,2019-03-29 22:40:48,1553899248.0,100.0,302.462,Kulhudhuffushi,MV,0.87
92.0,26.59,111.85,2019-03-29 22:40:49,1553899249.0,92.0,288.062,Qiyang,CN,2.12
20.0,38.52,-28.7,2019-03-29 21:00:00,1553893200.0,77.0,288.15,Ribeira Grande,PT,3.1
0.0,-29.69,-53.81,2019-03-29 21:00:00,1553893200.0,69.0,299.15,Santa Maria,BR,3.1
90.0,50.05,72.96,2019-03-29 22:00:00,1553896800.0,93.0,275.15,Temirtau,KZ,4.0
0.0,43.32,145.57,2019-03-29 22:40:55,1553899255.0,100.0,272.112,Nemuro,JP,5.92
1.0,34.07,-117.65,2019-03-29 22:37:06,1553899026.0,34.0,297.04,Ontario,US,5.7
68.0,-33.69,-53.46,2019-03-29 22:40:37,1553899237.0,78.0,295.012,Chuy,UY,7.37
20.0,45.26,-74.13,2019-03-29 22:38:08,1553899088.0,48.0,279.26,Salaberry-de-Valleyfield,CA,6.2
40.0,26.2,88.56,2019-03-29 21:30:00,1553895000.0,88.0,294.15,Boda,BD,1.5
0.0,-20.73,139.49,2019-03-29 22:00:00,1553896800.0,78.0,297.15,Mount Isa,AU,3.6
0.0,42.87,1.37,2019-03-29 22:40:17,1553899217.0,48.0,283.15,Le Port,FR,0.45
0.0,72.79,-56.15,2019-03-29 22:41:06,1553899266.0,91.0,260.362,Upernavik,GL,4.32
88.0,60.91,-46.05,2019-03-29 21:50:00,1553896200.0,86.0,270.15,Narsaq,GL,1.22
64.0,-34.72,135.86,2019-03-29 22:39:25,1553899165.0,88.0,289.462,Port Lincoln,AU,7.27
36.0,-2.57,150.8,2019-03-29 22:41:11,1553899271.0,100.0,301.562,Kavieng,PG,3.32
90.0,51.71,-3.45,2019-03-29 22:40:19,1553899219.0,100.0,280.93,Aberdare,GB,2.6
0.0,42.84,93.51,2019-03-29 22:41:14,1553899274.0,55.0,277.112,Hami,CN,2.77
75.0,-22.91,-43.21,2019-03-29 22:35:20,1553898920.0,78.0,299.15,Rio de Janeiro,BR,1.5
32.0,57.63,92.27,2019-03-29 22:41:18,1553899278.0,78.0,268.362,Pirovskoye,RU,3.47
0.0,28.28,88.52,2019-03-29 22:41:19,1553899279.0,33.0,251.362,Gamba,CN,1.02
0.0,-30.97,22.13,2019-03-29 22:41:22,1553899282.0,34.0,283.712,Carnarvon,ZA,1.87
0.0,19.84,-98.03,2019-03-29 22:41:24,1553899284.0,28.0,295.012,Chignahuapan,MX,1.17
0.0,46.13,12.19,2019-03-29 22:40:59,1553899259.0,70.0,283.71,Mier,IT,0.5
40.0,-5.81,-35.21,2019-03-29 22:00:00,1553896800.0,83.0,300.15,Natal,BR,2.6
0.0,20.93,-17.03,2019-03-29 22:00:00,1553896800.0,77.0,292.15,Nouadhibou,MR,4.6
40.0,39.31,-74.98,2019-03-29 22:41:07,1553899267.0,51.0,292.04,Port Elizabeth,US,1.5
92.0,60.4,-1.35,2019-03-29 22:20:00,1553898000.0,80.0,280.15,Brae,GB,6.2
48.0,-8.15,159.59,2019-03-29 22:40:36,1553899236.0,81.0,303.112,Buala,SB,3.37
75.0,33.6,131.19,2019-03-29 22:41:33,1553899293.0,87.0,287.59,Nakatsu,JP,1.5
44.0,69.22,-51.1,2019-03-29 21:50:00,1553896200.0,53.0,267.15,Ilulissat,GL,9.3
0.0,32.25,54.02,2019-03-29 22:00:00,1553896800.0,23.0,285.15,Meybod,IR,1.0
8.0,-23.49,-58.8,2019-03-29 22:41:42,1553899302.0,67.0,300.862,Pozo Colorado,PY,1.72
68.0,25.52,90.21,2019-03-29 22:41:44,1553899304.0,93.0,292.362,Tura,IN,1.77
92.0,32.48,72.91,2019-03-29 22:41:45,1553899305.0,98.0,289.212,Bhera,PK,2.57
12.0,68.54,146.19,2019-03-29 22:41:48,1553899308.0,84.0,261.462,Belaya Gora,RU,1.87
0.0,52.47,1.45,2019-03-29 22:41:35,1553899295.0,81.0,281.48,Broome,GB,2.6
92.0,-1.57,9.26,2019-03-29 22:41:51,1553899311.0,100.0,301.462,Omboue,GA,4.22
75.0,71.03,27.85,2019-03-29 21:50:00,1553896200.0,86.0,274.15,Mehamn,NO,14.9
76.0,58.71,81.5,2019-03-29 22:41:56,1553899316.0,80.0,273.462,Parabel,RU,3.92
64.0,-34.48,-54.34,2019-03-29 22:41:57,1553899317.0,85.0,292.812,Rocha,UY,4.72
1.0,37.61,-122.49,2019-03-29 22:41:44,1553899304.0,71.0,290.93,Pacifica,US,5.7
75.0,39.15,-123.21,2019-03-29 22:38:24,1553899104.0,47.0,288.71,Ukiah,US,3.6
0.0,60.87,60.43,2019-03-29 22:42:02,1553899322.0,75.0,266.812,Polunochnoye,RU,2.57
40.0,-19.55,169.27,2019-03-29 22:00:00,1553896800.0,70.0,303.15,Isangel,VU,5.1
90.0,40.74,-93.75,2019-03-29 22:31:25,1553898685.0,87.0,279.15,Leon,US,5.1
75.0,-34.58,150.85,2019-03-29 22:40:05,1553899205.0,100.0,292.04,Flinders,AU,2.6
20.0,50.7,-127.42,2019-03-29 22:00:00,1553896800.0,71.0,284.15,Port Hardy,CA,2.6
0.0,51.94,-0.88,2019-03-29 22:37:39,1553899059.0,81.0,283.15,Winslow,GB,1.5
0.0,8.08,77.57,2019-03-29 22:42:13,1553899333.0,96.0,302.762,Kanniyakumari,IN,5.52
20.0,36.97,-122.03,2019-03-29 22:42:07,1553899327.0,59.0,292.04,Santa Cruz,US,4.1
0.0,52.53,-7.14,2019-03-29 22:42:05,1553899325.0,92.0,279.26,Thomastown,IE,2.47
1.0,64.84,-147.72,2019-03-29 22:37:19,1553899039.0,74.0,278.71,Fairbanks,US,1.77
0.0,17.01,54.1,2019-03-29 21:50:00,1553896200.0,83.0,298.15,Salalah,OM,1.0
0.0,45.6,-0.6,2019-03-29 22:40:44,1553899244.0,57.0,286.15,Souillac,FR,4.1
20.0,69.44,-133.03,2019-03-29 22:00:00,1553896800.0,86.0,270.15,Tuktoyaktuk,CA,10.8
0.0,-26.15,26.16,2019-03-29 22:40:57,1553899257.0,59.0,285.662,Lichtenburg,ZA,1.42
0.0,-36.71,142.2,2019-03-29 22:39:01,1553899141.0,54.0,286.762,Horsham,AU,7.17
80.0,38.42,77.24,2019-03-29 22:42:28,1553899348.0,66.0,280.462,Shache,CN,2.17
0.0,-36.63,-71.83,2019-03-29 22:00:00,1553896800.0,46.0,295.15,Coihueco,CL,3.1
90.0,32.3,-64.78,2019-03-29 22:30:19,1553898619.0,88.0,291.15,Hamilton,BM,8.2
0.0,16.58,82.0,2019-03-29 22:42:33,1553899353.0,86.0,297.762,Amalapuram,IN,1.37
0.0,23.6,58.55,2019-03-29 21:50:00,1553896200.0,47.0,297.15,Muscat,OM,1.0
75.0,70.47,-68.59,2019-03-29 22:00:00,1553896800.0,83.0,253.15,Clyde River,CA,10.3
92.0,27.3,105.3,2019-03-29 22:42:40,1553899360.0,95.0,286.562,Bijie,CN,1.47
0.0,14.9,-24.5,2019-03-29 22:40:22,1553899222.0,96.0,294.662,Sao Filipe,CV,8.37
0.0,13.95,7.67,2019-03-29 22:42:43,1553899363.0,19.0,297.812,Mayahi,NE,5.22
0.0,40.06,-8.63,2019-03-29 22:34:47,1553898887.0,86.0,287.59,Soure,PT,0.87
8.0,61.68,96.39,2019-03-29 22:42:46,1553899366.0,63.0,259.962,Baykit,RU,1.17
0.0,-38.55,-58.74,2019-03-29 22:41:19,1553899279.0,67.0,294.82,Necochea,AR,0.45
8.0,-10.55,32.07,2019-03-29 22:42:49,1553899369.0,61.0,291.462,Chinsali,ZM,2.07
1.0,51.15,-100.04,2019-03-29 22:00:00,1553896800.0,58.0,272.15,Dauphin,CA,7.7
20.0,4.44,14.36,2019-03-29 22:42:52,1553899372.0,83.0,296.262,Batouri,CM,1.92
0.0,46.5,24.93,2019-03-29 22:30:00,1553898600.0,69.0,275.37,Ghindari,RO,0.87
90.0,21.35,-158.09,2019-03-29 22:42:20,1553899340.0,61.0,300.15,Makakilo City,US,4.1
0.0,55.08,22.98,2019-03-29 22:42:59,1553899379.0,89.0,277.762,Gelgaudiskis,LT,7.22
75.0,48.28,-116.55,2019-03-29 22:41:32,1553899292.0,34.0,286.48,Sandpoint,US,3.1
90.0,66.15,-65.72,2019-03-29 22:00:00,1553896800.0,49.0,269.15,Pangnirtung,CA,10.3
24.0,-18.36,-44.46,2019-03-29 22:43:04,1553899384.0,54.0,297.912,Corinto,BR,5.77
40.0,31.8,34.94,2019-03-29 22:42:53,1553899373.0,82.0,290.15,Gizo,IL,0.5
40.0,15.86,-97.07,2019-03-29 21:40:00,1553895600.0,70.0,303.15,Puerto Escondido,MX,3.6
0.0,43.54,-1.46,2019-03-29 22:40:08,1553899208.0,38.0,291.15,Tarnos,FR,3.6
1.0,64.86,-147.8,2019-03-29 22:42:03,1553899323.0,74.0,279.15,College,US,1.77
0.0,43.65,111.97,2019-03-29 22:43:11,1553899391.0,56.0,265.212,Erenhot,CN,3.47
56.0,-13.74,-72.9,2019-03-29 22:43:13,1553899393.0,65.0,283.662,Matara,PE,0.87
1.0,55.34,-123.09,2019-03-29 22:00:00,1553896800.0,32.0,284.15,Mackenzie,CA,3.6
40.0,37.73,-25.67,2019-03-29 22:38:09,1553899089.0,71.0,286.15,Ponta Delgada,PT,2.6
40.0,-0.72,8.78,2019-03-29 22:00:00,1553896800.0,89.0,302.15,Port-Gentil,GA,3.1
76.0,61.68,64.48,2019-03-29 22:43:21,1553899401.0,96.0,271.112,Kommunisticheskiy,RU,2.57
75.0,30.04,-94.42,2019-03-29 22:43:08,1553899388.0,64.0,297.59,Nome,US,6.2
12.0,68.75,161.3,2019-03-29 22:39:39,1553899179.0,73.0,259.862,Cherskiy,RU,1.72
32.0,-21.48,-56.15,2019-03-29 22:43:27,1553899407.0,55.0,301.212,Jardim,BR,3.47
44.0,-8.26,-49.26,2019-03-29 22:39:27,1553899167.0,92.0,298.312,Conceicao do Araguaia,BR,1.77
0.0,48.95,4.24,2019-03-29 22:37:26,1553899046.0,75.0,281.15,Saint-Pierre,FR,3.1
8.0,5.43,7.07,2019-03-29 22:43:31,1553899411.0,86.0,298.162,Naze,NG,5.07
0.0,13.72,123.58,2019-03-29 22:43:33,1553899413.0,84.0,299.312,Sabang,PH,2.47
20.0,25.91,-97.49,2019-03-29 22:43:31,1553899411.0,57.0,300.15,Brownsville,US,7.2
0.0,4.89,-1.75,2019-03-29 22:43:38,1553899418.0,98.0,300.962,Takoradi,GH,3.32
44.0,71.98,102.47,2019-03-29 22:43:39,1553899419.0,80.0,266.212,Khatanga,RU,2.02
0.0,67.55,133.39,2019-03-29 22:43:40,1553899420.0,68.0,257.662,Verkhoyansk,RU,1.17
0.0,7.99,117.06,2019-03-29 22:43:42,1553899422.0,100.0,301.162,Balabac,PH,2.87
40.0,42.33,-122.87,2019-03-29 22:40:15,1553899215.0,50.0,286.15,Medford,US,5.1
12.0,-15.19,12.15,2019-03-29 22:43:45,1553899425.0,98.0,298.962,Namibe,AO,5.07
40.0,1.44,125.19,2019-03-29 22:30:00,1553898600.0,100.0,296.15,Bitung,ID,3.77
92.0,-37.89,176.76,2019-03-29 22:42:03,1553899323.0,64.0,295.37,Matata,NZ,2.68
44.0,0.07,-80.05,2019-03-29 22:43:49,1553899429.0,83.0,297.712,Pedernales,EC,2.12
20.0,-8.54,115.13,2019-03-29 22:00:00,1553896800.0,94.0,299.15,Tabanan,ID,0.5
75.0,-27.15,-48.54,2019-03-29 22:30:42,1553898642.0,69.0,297.59,Porto Belo,BR,5.1
40.0,13.07,-59.53,2019-03-29 22:00:00,1553896800.0,74.0,300.15,Oistins,BB,7.2
24.0,-3.52,23.6,2019-03-29 22:43:57,1553899437.0,96.0,296.212,Lodja,CD,1.07
40.0,45.3,-122.97,2019-03-29 22:43:47,1553899427.0,54.0,290.93,Newberg,US,1.5
0.0,40.57,9.69,2019-03-29 22:20:00,1553898000.0,93.0,279.15,Siniscola,IT,2.6
36.0,46.17,45.34,2019-03-29 22:44:01,1553899441.0,87.0,272.562,Yashkul,RU,4.07
75.0,54.24,12.43,2019-03-29 22:40:09,1553899209.0,93.0,279.82,Ribnitz-Damgarten,DE,0.5
92.0,60.14,-45.24,2019-03-29 22:44:04,1553899444.0,97.0,273.162,Nanortalik,GL,4.32
80.0,-23.87,35.38,2019-03-29 22:44:06,1553899446.0,100.0,296.812,Inhambane,MZ,3.02
32.0,48.0,122.72,2019-03-29 22:44:07,1553899447.0,33.0,269.662,Zalantun,CN,1.77
20.0,5.04,21.21,2019-03-29 22:44:09,1553899449.0,81.0,294.862,Alindao,CF,1.37
56.0,45.25,133.5,2019-03-29 22:44:10,1553899450.0,78.0,273.712,Gornyye Klyuchi,RU,2.32
92.0,65.58,-170.99,2019-03-29 22:40:29,1553899229.0,95.0,273.662,Lavrentiya,RU,13.72
75.0,49.23,-102.17,2019-03-29 22:30:42,1553898642.0,51.0,275.15,Oxbow,CA,10.3
20.0,15.09,-87.97,2019-03-29 22:00:00,1553896800.0,40.0,303.15,Amapa,HN,6.2
24.0,-18.06,13.84,2019-03-29 22:41:35,1553899295.0,90.0,289.362,Opuwo,NA,1.22
8.0,2.67,72.89,2019-03-29 22:44:17,1553899457.0,100.0,301.712,Kudahuvadhoo,MV,2.22
1.0,61.6,-149.11,2019-03-29 22:42:07,1553899327.0,52.0,283.15,Palmer,US,1.5
0.0,34.35,62.22,2019-03-29 22:44:20,1553899460.0,82.0,274.812,Herat,AF,2.12
20.0,18.22,-63.06,2019-03-29 22:31:03,1553898663.0,61.0,300.15,The Valley,AI,1.5
75.0,-43.03,147.26,2019-03-29 22:41:15,1553899275.0,71.0,285.93,Margate,AU,2.6
36.0,61.3,17.06,2019-03-29 22:42:07,1553899327.0,66.0,280.37,Soderhamn,SE,4.37
88.0,65.8,87.96,2019-03-29 22:44:26,1553899466.0,95.0,271.862,Turukhansk,RU,6.92
40.0,-10.16,123.6,2019-03-29 22:00:00,1553896800.0,94.0,297.15,Kupang,ID,0.5
56.0,-5.12,-60.38,2019-03-29 22:44:29,1553899469.0,90.0,298.812,Novo Aripuana,BR,1.32
32.0,-3.66,152.44,2019-03-29 22:44:31,1553899471.0,94.0,302.412,Namatanai,PG,2.32
90.0,39.28,-80.34,2019-03-29 22:44:21,1553899461.0,36.0,291.15,Clarksburg,US,3.1
80.0,-28.77,32.06,2019-03-29 22:44:34,1553899474.0,99.0,294.562,Richards Bay,ZA,1.32
88.0,60.15,-1.15,2019-03-29 22:20:00,1553898000.0,75.0,280.15,Lerwick,GB,6.7
44.0,56.95,90.69,2019-03-29 22:44:37,1553899477.0,85.0,270.112,Novobirilyussy,RU,4.52
68.0,48.62,142.78,2019-03-29 22:44:38,1553899478.0,83.0,269.312,Makarov,RU,3.37
90.0,63.75,-68.52,2019-03-29 22:00:00,1553896800.0,85.0,264.15,Iqaluit,CA,5.7
20.0,9.54,99.94,2019-03-29 22:30:00,1553898600.0,94.0,300.15,Ko Samui,TH,3.62
56.0,7.07,37.71,2019-03-29 22:44:43,1553899483.0,98.0,286.662,Areka,ET,0.97
90.0,45.79,-108.5,2019-03-29 22:41:38,1553899298.0,45.0,280.37,Billings,US,3.6
0.0,36.62,101.77,2019-03-29 22:44:46,1553899486.0,79.0,262.362,Xining,CN,1.22
0.0,50.6,97.53,2019-03-29 22:44:48,1553899488.0,60.0,253.412,Kungurtug,RU,1.57
0.0,14.32,2.08,2019-03-29 22:44:49,1553899489.0,45.0,297.812,Ouallam,NE,1.22
20.0,10.7,37.27,2019-03-29 22:44:51,1553899491.0,94.0,282.662,Finote Selam,ET,1.22
8.0,-8.93,125.41,2019-03-29 22:42:15,1553899335.0,87.0,297.162,Airai,TL,0.57
92.0,20.52,-13.05,2019-03-29 22:44:53,1553899493.0,71.0,294.312,Atar,MR,1.87
92.0,54.84,75.08,2019-03-29 22:44:56,1553899496.0,95.0,274.062,Okoneshnikovo,RU,4.12
8.0,-2.08,101.38,2019-03-29 22:44:58,1553899498.0,92.0,291.612,Sungaipenuh,ID,0.52
75.0,67.67,12.69,2019-03-29 21:50:00,1553896200.0,86.0,274.15,Sorland,NO,2.6
0.0,2.04,45.34,2019-03-29 22:45:01,1553899501.0,97.0,301.712,Mogadishu,SO,7.07
0.0,-45.58,-72.07,2019-03-29 22:00:00,1553896800.0,76.0,284.15,Coihaique,CL,14.9
0.0,59.86,38.38,2019-03-29 22:45:04,1553899504.0,88.0,274.562,Kirillov,RU,7.72
0.0,17.48,73.19,2019-03-29 22:45:05,1553899505.0,99.0,296.762,Guhagar,IN,0.97
0.0,29.61,52.54,2019-03-29 22:18:05,1553897885.0,81.0,279.82,Shiraz,IR,0.87
32.0,-6.9,112.33,2019-03-29 22:45:08,1553899508.0,92.0,298.212,Paciran,ID,1.97
36.0,29.03,21.55,2019-03-29 22:45:10,1553899510.0,72.0,286.362,Jalu,LY,6.12
0.0,-13.34,-44.63,2019-03-29 22:45:11,1553899511.0,72.0,297.712,Correntina,BR,3.67
0.0,7.3,18.29,2019-03-29 22:45:13,1553899513.0,66.0,295.962,Batangafo,CF,1.22
92.0,-0.61,-47.36,2019-03-29 22:45:14,1553899514.0,100.0,299.612,Salinopolis,BR,3.87
20.0,13.06,44.88,2019-03-29 22:45:16,1553899516.0,96.0,290.162,Lahij,YE,1.27
40.0,44.49,-103.86,2019-03-29 22:45:05,1553899505.0,69.0,275.37,Spearfish,US,2.6
1.0,55.34,-131.65,2019-03-29 21:56:00,1553896560.0,43.0,286.15,Ketchikan,US,3.6
92.0,48.65,-53.11,2019-03-29 22:30:37,1553898637.0,85.0,272.59,Bonavista,CA,1.79
0.0,40.71,112.04,2019-03-29 22:00:00,1553896800.0,41.0,267.15,Zhuhai,CN,6.0
40.0,64.39,40.63,2019-03-29 22:00:00,1553896800.0,59.0,276.15,Katunino,RU,8.0
20.0,-20.01,57.66,2019-03-29 22:44:03,1553899443.0,83.0,298.15,Grand Gaube,MU,1.5
68.0,-3.28,-39.27,2019-03-29 22:41:14,1553899274.0,100.0,300.162,Trairi,BR,2.07
0.0,68.06,166.44,2019-03-29 22:40:32,1553899232.0,70.0,258.562,Bilibino,RU,1.32
75.0,34.81,32.42,2019-03-29 22:45:11,1553899511.0,82.0,289.15,Emba,CY,1.0
5.0,58.81,-122.69,2019-03-29 22:00:00,1553896800.0,30.0,286.15,Fort Nelson,CA,1.0
75.0,22.62,120.31,2019-03-29 22:45:02,1553899502.0,78.0,298.15,Kaohsiung,TW,1.5
0.0,57.62,64.39,2019-03-29 22:45:36,1553899536.0,87.0,270.362,Turinskaya Sloboda,RU,3.82
76.0,48.81,103.53,2019-03-29 22:45:38,1553899538.0,65.0,265.462,Bulgan,MN,1.22
1.0,34.88,-76.9,2019-03-29 22:43:03,1553899383.0,40.0,294.15,Havelock,US,4.6
0.0,20.88,95.86,2019-03-29 22:45:41,1553899541.0,70.0,294.162,Meiktila,MM,1.67
0.0,8.41,48.48,2019-03-29 22:45:42,1553899542.0,91.0,292.362,Garowe,SO,2.77
92.0,42.43,130.64,2019-03-29 22:45:44,1553899544.0,86.0,275.962,Khasan,RU,3.67
92.0,54.11,-9.15,2019-03-29 22:43:04,1553899384.0,88.0,282.59,Ballina,IE,0.45
0.0,-12.18,136.78,2019-03-29 22:00:00,1553896800.0,88.0,299.15,Nhulunbuy,AU,2.12
0.0,60.26,37.97,2019-03-29 22:45:50,1553899550.0,83.0,274.312,Lipin Bor,RU,7.72
0.0,-16.77,31.58,2019-03-29 22:45:51,1553899551.0,87.0,291.312,Mount Darwin,ZW,2.57
20.0,-14.52,-49.14,2019-03-29 22:45:53,1553899553.0,78.0,297.262,Uruacu,BR,2.12
92.0,64.42,-173.23,2019-03-29 22:45:54,1553899554.0,91.0,274.112,Provideniya,RU,10.07
0.0,62.65,135.58,2019-03-29 22:45:56,1553899556.0,63.0,261.612,Khandyga,RU,1.67
36.0,49.15,56.49,2019-03-29 22:45:57,1553899557.0,92.0,271.362,Shubarkuduk,KZ,1.37
8.0,52.25,40.45,2019-03-29 22:41:56,1553899316.0,69.0,265.662,Georgiyevka,RU,2.97
20.0,27.91,-15.45,2019-03-29 22:45:32,1553899532.0,87.0,290.93,Aguimes,ES,2.1
92.0,56.37,75.24,2019-03-29 22:46:03,1553899563.0,97.0,273.412,Muromtsevo,RU,1.42
0.0,35.19,132.5,2019-03-29 22:00:00,1553896800.0,81.0,281.15,Oda,JP,1.0
1.0,31.34,-109.55,2019-03-29 22:46:03,1553899563.0,6.0,300.15,Douglas,US,8.2
0.0,51.04,-4.21,2019-03-29 22:46:08,1553899568.0,93.0,279.26,Northam,GB,1.0
12.0,-19.66,22.19,2019-03-29 22:46:11,1553899571.0,62.0,294.562,Nokaneng,BW,1.17
0.0,-13.85,136.42,2019-03-29 22:00:00,1553896800.0,94.0,297.15,Alyangula,AU,1.5
92.0,66.32,-179.17,2019-03-29 22:41:40,1553899300.0,84.0,269.712,Egvekinot,RU,1.67
20.0,36.96,-120.06,2019-03-29 22:42:02,1553899322.0,45.0,292.59,Madera,US,3.6
56.0,29.14,21.3,2019-03-29 22:46:17,1553899577.0,77.0,286.662,Awjilah,LY,5.92
0.0,-15.77,128.74,2019-03-29 22:00:00,1553896800.0,83.0,296.15,Kununurra,AU,1.0
48.0,6.3,120.58,2019-03-29 22:46:20,1553899580.0,100.0,300.362,Simbahan,PH,3.82
75.0,-2.03,-79.75,2019-03-29 22:46:19,1553899579.0,74.0,301.15,Olinda,EC,4.1
92.0,48.68,71.64,2019-03-29 22:46:23,1553899583.0,96.0,275.662,Atasu,KZ,4.07
75.0,58.89,5.65,2019-03-29 22:45:27,1553899527.0,93.0,280.37,Sola,NO,4.6
68.0,3.77,12.24,2019-03-29 22:46:26,1553899586.0,97.0,293.762,Akonolinga,CM,1.02
56.0,-14.74,-50.57,2019-03-29 22:44:41,1553899481.0,95.0,296.162,Mozarlandia,BR,1.17
1.0,36.12,-115.17,2019-03-29 22:45:16,1553899516.0,12.0,295.15,Paradise,US,2.1
0.0,28.42,30.79,2019-03-29 22:46:34,1553899594.0,36.0,291.012,Matay,EG,6.92
75.0,10.47,123.98,2019-03-29 22:00:00,1553896800.0,88.0,296.15,Buluang,PH,1.0
75.0,18.43,-65.88,2019-03-29 22:46:01,1553899561.0,74.0,299.15,Loiza,PR,2.6
8.0,-2.88,108.27,2019-03-29 22:46:40,1553899600.0,99.0,299.112,Manggar,ID,1.22
0.0,15.44,119.9,2019-03-29 22:46:41,1553899601.0,92.0,299.062,Palauig,PH,1.62
20.0,67.86,20.23,2019-03-29 22:20:00,1553898000.0,73.0,269.15,Kiruna,SE,8.7
20.0,18.18,-76.45,2019-03-29 22:00:00,1553896800.0,51.0,303.15,Port Antonio,JM,1.5
48.0,11.42,-9.17,2019-03-29 22:46:48,1553899608.0,50.0,301.812,Siguiri,GN,4.47
12.0,10.92,123.13,2019-03-29 22:46:50,1553899610.0,69.0,299.362,Manapla,PH,2.27
90.0,37.57,126.98,2019-03-29 22:16:00,1553897760.0,93.0,278.15,Seoul,KR,1.0
92.0,4.14,96.13,2019-03-29 22:46:53,1553899613.0,100.0,297.462,Meulaboh,ID,1.42
0.0,42.53,-1.67,2019-03-29 22:45:05,1553899505.0,43.0,286.15,Tafalla,ES,2.1
90.0,45.28,-66.06,2019-03-29 22:38:42,1553899122.0,100.0,277.59,Saint John,CA,6.7
20.0,36.36,6.61,2019-03-29 22:00:00,1553896800.0,87.0,280.15,Constantine,DZ,2.1
0.0,52.61,1.73,2019-03-29 22:42:06,1553899326.0,81.0,281.48,Great Yarmouth,GB,2.6
76.0,-1.2,-46.02,2019-03-29 22:47:03,1553899623.0,98.0,298.662,Carutapera,BR,2.12
20.0,36.62,-121.92,2019-03-29 22:43:40,1553899420.0,42.0,292.04,Pacific Grove,US,4.77
75.0,-23.65,-70.4,2019-03-29 22:00:00,1553896800.0,77.0,291.15,Antofagasta,CL,6.2
90.0,21.44,-157.84,2019-03-29 22:45:11,1553899511.0,67.0,300.15,Ahuimanu,US,4.6
0.0,-45.87,170.5,2019-03-29 22:40:59,1553899259.0,68.0,290.37,Dunedin,NZ,4.47
90.0,47.66,-52.73,2019-03-29 22:47:02,1553899622.0,92.0,273.15,Torbay,CA,4.6
90.0,39.22,-95.31,2019-03-29 22:42:20,1553899340.0,87.0,281.48,Oskaloosa,US,4.6
76.0,-2.54,115.51,2019-03-29 22:47:15,1553899635.0,90.0,298.312,Labuhan,ID,1.22
40.0,63.73,8.83,2019-03-29 22:44:29,1553899469.0,86.0,278.71,Sistranda,NO,11.3
0.0,23.6,58.55,2019-03-29 21:50:00,1553896200.0,47.0,297.15,Ruwi,OM,1.0
92.0,63.79,74.5,2019-03-29 22:47:20,1553899640.0,97.0,273.062,Muravlenko,RU,4.97
36.0,-25.41,-70.49,2019-03-29 22:47:21,1553899641.0,76.0,290.462,Taltal,CL,0.82
64.0,-38.34,143.59,2019-03-29 22:47:12,1553899632.0,95.0,282.59,Colac,AU,2.87
36.0,25.1,117.03,2019-03-29 22:47:24,1553899644.0,98.0,286.662,Longyan,CN,1.17
0.0,-10.88,26.6,2019-03-29 22:47:26,1553899646.0,73.0,290.312,Kambove,CD,2.27
0.0,-44.39,171.25,2019-03-29 22:37:00,1553899020.0,90.0,292.04,Timaru,NZ,1.34
20.0,50.03,-66.88,2019-03-29 22:00:00,1553896800.0,100.0,273.15,Port-Cartier,CA,4.1
90.0,47.79,-64.94,2019-03-29 22:30:00,1553898600.0,86.0,277.15,Caraquet,CA,1.5
24.0,3.17,-52.33,2019-03-29 22:47:32,1553899652.0,71.0,299.862,Camopi,GF,2.17
56.0,54.28,-0.41,2019-03-29 22:46:16,1553899576.0,81.0,282.04,Scarborough,GB,2.6
1.0,49.22,-68.15,2019-03-29 22:46:25,1553899585.0,83.0,274.26,Baie-Comeau,CA,5.7
0.0,22.93,-101.09,2019-03-29 22:47:36,1553899656.0,18.0,301.262,Venado,MX,0.92
0.0,45.29,14.65,2019-03-29 22:46:52,1553899612.0,62.0,281.48,Zlobin,HR,2.57
0.0,41.28,20.71,2019-03-29 22:47:39,1553899659.0,50.0,275.912,Poum,MK,1.52
24.0,61.28,108.01,2019-03-29 22:45:23,1553899523.0,85.0,267.662,Yerbogachen,RU,2.67
8.0,4.92,6.26,2019-03-29 22:44:38,1553899478.0,89.0,298.912,Yenagoa,NG,3.57
0.0,-33.68,-59.66,2019-03-29 22:43:29,1553899409.0,74.0,296.48,San Pedro,AR,3.52
20.0,-13.47,-72.15,2019-03-29 22:00:00,1553896800.0,34.0,291.15,Anta,PE,4.6
80.0,67.47,78.7,2019-03-29 22:47:49,1553899669.0,95.0,272.662,Tazovskiy,RU,6.47
88.0,7.98,49.82,2019-03-29 22:47:51,1553899671.0,100.0,298.512,Eyl,SO,3.17
12.0,50.44,12.3,2019-03-29 22:47:09,1553899629.0,93.0,279.26,Werda,DE,1.0
92.0,63.46,48.9,2019-03-29 22:47:54,1553899674.0,97.0,274.362,Koslan,RU,4.22
90.0,24.51,117.65,2019-03-29 22:00:00,1553896800.0,93.0,291.15,Zhangzhou,CN,1.0
44.0,33.6,56.92,2019-03-29 22:00:00,1553896800.0,54.0,286.15,Tabas,IR,2.1
0.0,11.28,49.18,2019-03-29 22:47:58,1553899678.0,100.0,298.662,Bosaso,SO,0.42
0.0,63.44,-20.27,2019-03-29 22:48:01,1553899681.0,100.0,272.662,Vestmannaeyjar,IS,5.57
0.0,-32.83,-70.6,2019-03-29 22:47:45,1553899665.0,41.0,298.15,Los Andes,CL,5.1
90.0,41.96,42.96,2019-03-29 22:00:00,1553896800.0,93.0,278.15,Khani,GE,3.1
76.0,63.29,118.35,2019-03-29 22:48:06,1553899686.0,81.0,266.662,Nyurba,RU,1.42
0.0,68.05,39.51,2019-03-29 22:48:07,1553899687.0,77.0,266.012,Ostrovnoy,RU,5.72
80.0,60.47,166.1,2019-03-29 22:48:09,1553899689.0,88.0,268.912,Tilichiki,RU,2.22
92.0,60.41,44.24,2019-03-29 22:48:10,1553899690.0,93.0,276.112,Nyuksenitsa,RU,8.27
0.0,40.24,33.03,2019-03-29 22:42:08,1553899328.0,63.0,273.15,Cubuk,TR,6.7
32.0,-5.13,-49.33,2019-03-29 22:48:13,1553899693.0,94.0,298.312,Itupiranga,BR,1.07
0.0,49.13,-66.49,2019-03-29 22:48:15,1553899695.0,94.0,270.362,Sainte-Anne-des-Monts,CA,6.37
0.0,-12.06,-77.04,2019-03-29 22:42:08,1553899328.0,65.0,298.15,Lima,PE,5.1
0.0,41.23,21.43,2019-03-29 22:46:32,1553899592.0,87.0,278.71,Topolcani,MK,0.45
75.0,-27.37,-70.33,2019-03-29 22:00:00,1553896800.0,77.0,289.15,Copiapo,CL,4.6
92.0,42.04,43.82,2019-03-29 22:48:23,1553899703.0,91.0,270.812,Agara,GE,1.32
5.0,17.54,44.22,2019-03-29 22:00:00,1553896800.0,47.0,297.15,Najran,SA,3.1
0.0,16.26,97.73,2019-03-29 22:48:27,1553899707.0,90.0,294.462,Mudon,MM,2.12
0.0,37.93,102.64,2019-03-29 22:48:32,1553899712.0,64.0,264.462,Wuwei,CN,1.22
24.0,53.96,105.89,2019-03-29 22:48:33,1553899713.0,77.0,265.562,Kachug,RU,1.47
20.0,-51.62,-69.22,2019-03-29 22:00:00,1553896800.0,47.0,286.15,Rio Gallegos,AR,9.8
40.0,43.02,46.84,2019-03-29 22:00:00,1553896800.0,80.0,278.15,Dubki,RU,0.77
1.0,53.92,-122.75,2019-03-29 22:40:18,1553899218.0,31.0,286.48,Prince George,CA,2.1
75.0,55.1,-105.3,2019-03-29 22:00:00,1553896800.0,53.0,273.15,La Ronge,CA,4.6
92.0,53.8,-9.52,2019-03-29 22:48:11,1553899691.0,82.0,283.15,Westport,IE,1.34
56.0,47.24,132.03,2019-03-29 22:48:42,1553899722.0,59.0,272.312,Fujin,CN,2.97
20.0,52.47,96.11,2019-03-29 22:48:45,1553899725.0,64.0,259.612,Toora-Khem,RU,0.87
8.0,4.95,23.92,2019-03-29 22:48:47,1553899727.0,69.0,298.562,Rafai,CF,3.47
76.0,-0.86,131.25,2019-03-29 22:48:48,1553899728.0,100.0,297.412,Sorong,ID,0.72
40.0,28.42,-100.77,2019-03-29 21:40:00,1553895600.0,54.0,302.15,Nava,MX,4.1
92.0,-10.41,-36.43,2019-03-29 22:48:51,1553899731.0,98.0,298.162,Piacabucu,BR,2.87
0.0,49.2,119.7,2019-03-29 22:48:53,1553899733.0,42.0,264.662,Hailar,CN,2.57
44.0,30.78,78.62,2019-03-29 22:48:56,1553899736.0,77.0,281.662,Lata,IN,1.17
40.0,43.89,-85.64,2019-03-29 22:48:31,1553899711.0,43.0,285.37,Chase,US,4.6
75.0,37.91,139.43,2019-03-29 22:00:00,1553896800.0,70.0,279.15,Shibata,JP,3.6
48.0,51.66,103.72,2019-03-29 22:45:09,1553899509.0,37.0,267.04,Slyudyanka,RU,4.02
75.0,71.0,24.66,2019-03-29 22:20:00,1553898000.0,100.0,274.15,Havoysund,NO,29.3
12.0,-34.05,23.37,2019-03-29 22:49:03,1553899743.0,98.0,292.462,Plettenberg Bay,ZA,6.62
0.0,45.34,-80.04,2019-03-29 22:49:05,1553899745.0,69.0,272.162,Parry Sound,CA,0.07
90.0,39.62,-77.74,2019-03-29 22:49:05,1553899745.0,55.0,290.93,Vardo,US,2.07
0.0,26.59,12.77,2019-03-29 22:49:08,1553899748.0,54.0,284.862,Awbari,LY,3.02
0.0,-20.33,-44.24,2019-03-29 22:49:09,1553899749.0,67.0,293.162,Bonfim,BR,5.72
0.0,66.56,67.8,2019-03-29 22:49:11,1553899751.0,81.0,267.862,Aksarka,RU,6.17
0.0,25.04,102.71,2019-03-29 22:26:43,1553898403.0,57.0,285.93,Kunming,CN,6.0
0.0,24.09,32.9,2019-03-29 22:00:00,1553896800.0,25.0,297.15,Aswan,EG,4.6
0.0,22.6,79.61,2019-03-29 22:49:15,1553899755.0,59.0,291.712,Lakhnadon,IN,1.17
1.0,35.36,-86.21,2019-03-29 22:48:39,1553899719.0,35.0,296.15,Tullahoma,US,4.1
75.0,24.63,46.72,2019-03-29 22:00:00,1553896800.0,28.0,294.15,Riyadh,SA,3.1
0.0,20.65,-98.6,2019-03-29 22:49:20,1553899760.0,36.0,296.812,Zacualtipan,MX,1.22
80.0,-16.99,145.42,2019-03-29 22:45:17,1553899517.0,83.0,301.48,Mareeba,AU,2.1
8.0,-16.11,167.42,2019-03-29 22:49:23,1553899763.0,79.0,302.812,Lakatoro,VU,2.97
36.0,66.83,70.83,2019-03-29 22:49:24,1553899764.0,80.0,269.912,Yar-Sale,RU,6.52
0.0,69.43,30.82,2019-03-29 22:20:00,1553898000.0,68.0,271.15,Zapolyarnyy,RU,20.1
12.0,48.98,131.55,2019-03-29 22:49:27,1553899767.0,38.0,267.462,Izvestkovyy,RU,1.42
80.0,48.79,132.93,2019-03-29 22:49:29,1553899769.0,37.0,271.212,Birobidzhan,RU,1.67
56.0,55.19,80.28,2019-03-29 22:49:30,1553899770.0,92.0,274.062,Kargat,RU,4.82
0.0,26.23,66.31,2019-03-29 22:49:32,1553899772.0,30.0,290.012,Bela,PK,2.87
92.0,60.72,-46.03,2019-03-29 21:50:00,1553896200.0,86.0,270.15,Qaqortoq,GL,7.62
12.0,-6.6,-44.09,2019-03-29 22:49:35,1553899775.0,89.0,297.562,Pastos Bons,BR,2.07
0.0,-21.64,-41.05,2019-03-29 22:00:00,1553896800.0,83.0,296.15,Sao Joao da Barra,BR,3.1
0.0,39.36,-9.38,2019-03-29 22:47:01,1553899621.0,67.0,287.59,Peniche,PT,4.6
